1-1211,France
1-1216,France
1-1219,France
1-1220,France
1-1221,France
1-1225,France
1-1226,France
1-1227,France
1-1230,France
1-1233,France
1-1234,France
1-1235,France
1-1236,France
1-1237,France
1-1241,France
1-1242,France
1-1243,France
1-1247,France
1-1248,France
1-1249,France
1-1250,France
1-1251,France
1-1252,France
1-1253,France
1-1254,France
1-1256,France
1-1267,France
1-1273,France
1-1278,France
2-1772,France
2-1777,France
2-1778,France
2-1783,France
2-1784,France
2-1787,France
2-1792,France
2-1798,France
2-1799,France
2-1800,France
2-1801,France
2-1802,France
2-1804,France
2-1805,France
2-1807,France
2-1809,France
2-1810,France
2-1811,France
2-1812,France
2-1813,France
2-1815,France
2-1816,France
2-1817,France
2-1818,France
2-1819,France
2-1820,France
2-1821,France
2-1822,France
2-1893,France
2-1894,France
2-1895,France
2-1897,France
2-1898,France
2-1900,France
2-1902,France
2-1903,France
2-1904,France
2-1905,France
2-1915,France
2-1916,France
2-1917,France
2-1918,France
2-1919,France
2-1920,France
2-1921,France
2-1923,France
2-1931,France
2-1932,France
2-1934,France
2-1935,France
2-1941,France
2-1942,France
2-1943,France
2-1944,France
2-1945,France
2-1946,France
2-1947,France
2-1948,France
2-1949,France
2-1950,France
2-1951,France
2-1959,France
2-1969,France
2-1973,France
2-1996,France
2-1998,France
2-1999,France
2-2005,France
2-2015,France
4-1175,France
4-1176,France
4-1177,France
4-1178,France
4-1188,France
4-1189,France
4-1191,France
4-1192,France
4-1221,France
4-1230,France
4-1237,France
4-1239,France
4-1242,France
4-1244,France
4-1245,France
4-1246,France
4-1247,France
4-1289,France
5-1776,France
5-1777,France
5-1844,France
5-1845,France
5-1847,France
5-1848,France
5-1850,France
5-1853,France
5-1859,France
5-1860,France
5-1861,France
5-1862,France
5-1870,France
5-1872,France
5-1873,France
5-1877,France
5-1878,France
5-1879,France
5-1880,France
5-1881,France
5-1882,France
5-1883,France
5-1884,France- Market
5-1891,France
5-1893,France
5-1894,France
5-1895,France
5-1896-A,France
5-1897,France
5-1898-A,France
5-1898-B,France
5-1899,France
5-1900,France
5-1922,France
5-1938,France
5-1939,France
5-1940,France- Market
5-1948,France
5-1949,France
5-1950,France
5-1951,France
5-1952-A,France
5-1952-B,France
5-1953-A,France
5-1953-B,France
5-1954,France
5-1955,France
5-1956,France
5-1958,France
5-1976,France
5-1991,France
5-1992,France
5-1993,France
5-1994,France
5-1995,France
5-1996,France
5-2009,France
5-2010,France
5-2037,France
5-2038,France
5-2039,France
5-2040,France
5-2041,France
5-2043,France
5-2046,France
7-1332,France
7-1333,France
7-1335,France
7-1338,France
7-1339,France
7-1340,France
7-1341,France
7-1342,France
7-1344,France
7-1347,France
7-1349,France
7-1350,France
7-1367,France
7-1368,France
7-1369,France
7-1370,France
7-1401,France
7-1402,France
8-0192,France
8-0193,France
9-0174,France
9-0175,France
9-0176,France
9-0177,France
9-0178,France
9-0179,France
9-0180,France
9-0181,France
9-0182,France
9-0183,France
9-0184,France
9-0196,France
9-0203,France
9-0205,France
2-0331,Italian
2-0334,Italian
2-0672,Italian
2-1206,Italian
2-1209,Italian
2-1502,Italian
2-1560-A,Italian
2-1593,Italian
2-1594,Italian
2-1614,Italian
2-1615,Italian
2-1616,Italian
2-1617,Italian
2-1618,Italian
2-1619,Italian
2-1620,Italian
2-1621-A,Italian
2-1621-B,Italian
2-1622-A,Italian
2-1622-B,Italian
2-1623,Italian
2-1624,Italian
2-1625,Italian
2-1626,Italian
2-1627,Italian
2-1628,Italian
2-1629,Italian
2-1630,Italian
5-0547,Italian
5-0560,Italian
5-1517,Italian
5-1601-A,Italian
5-1601-B,Italian
5-1601-C,Italian
5-1601-D,Italian
5-1602-A,Italian
5-1602-B,Italian
5-1602-C,Italian
5-1638,Italian
5-1639,Italian
5-1640,Italian
5-1641,Italian
5-1642,Italian
5-1643,Italian
5-1644,Italian
5-1652,Italian
5-1656,Italian
5-1657,Italian
5-1658,Italian
5-1659,Italian
5-1660,Italian
5-1661,Italian
5-1662,Italian
5-1663,Italian
5-1664,Italian
5-1665,Italian
5-1666,Italian
5-1667,Italian
5-1668,Italian
5-1669,Italian
5-1670,Italian
5-1671,Italian
5-1690,Italian
10-1793,Market
1-1153,Market
1-1159-B,Market
1-1186,Market
1-1189,Market
1-1191,Market
1-1195,Market
1-1198,Market
1-1200,Market
1-1204,Market
1-1205,Market
1-1208,Market
1-1209,Market
1-1214,Market
1-1222,Market
1-1223,Market
1-1228,Market
1-1229-A,Market
1-1229-B,Market
1-1231,Market
1-1239,Market
1-1240,Market
1-1255,Market
1-1259,Market
1-1260,Market
1-1261,Market
1-1262,Market
1-1263,Market
1-1264,Market
1-1269,Market
1-1282,Market
2-1271,Market
2-1373-D,Market
2-1419,Market
2-1472,Market
2-1652,Market
2-1689,Market
2-1691,Market
2-1698,Market
2-1699,Market
2-1700,Market
2-1702,Market
2-1703,Market
2-1705,Market
2-1706,Market
2-1707,Market
2-1709,Market
2-1710,Market
2-1711,Market
2-1739,Market
2-1746,Market
2-1769,Market
2-1770,Market
2-1771,Market
2-1773,Market
2-1774,Market
2-1780,Market
2-1781,Market
2-1782,Market
2-1793,Market
2-1794,Market
2-1797,Market
2-1803,Market
2-1806,Market
2-1858,Market
2-1859,Market
2-1860,Market
2-1876,Market
2-1877,Market
2-1878,Market
2-1879,Market
2-1901,Market
2-1906,Market
2-1907,Market
2-1908,Market
2-1910,Market
2-1924,Market
2-1925,Market
2-1926,Market
2-1927,Market
2-1928,Market
2-1929,Market
2-1930,Market
2-1933,Market
2-1936,Market
2-1939,Market
2-1940,Market
2-1955,Market
2-1956,Market
2-1957,Market
2-1972,Market
2-1981,Market
2-1990,Market
2-1991,Market
2-1992,Market
2-1993,Market
2-1994,Market
2-1995,Market
2-1997,Market
2-2001,Market
2-2002,Market
10-2003,Market
2-2004,Market
2-2006,Market
2-2007,Market
2-2008,Market
2-2013,Market
2-2014,Market
2-2016,Market
2-2017,Market
2-2112,Market
2-2113,Market
4-1046,Market
4-1049,Market
4-1050,Market
4-1051,Market
4-1052,Market
4-1065,Market
4-1066,Market
4-1067,Market
4-1069,Market
4-1132,Market
4-1133,Market
4-1157,Market
4-1158,Market
4-1159,Market
4-1160,Market
4-1166,Market
4-1167,Market
4-1168,Market
4-1169,Market
4-1170,Market
4-1171,Market
4-1186,Market
4-1187,Market
4-1205,Market
4-1223,Market
4-1224,Market
4-1225,Market
4-1228,Market
4-1231,Market
4-1232,Market
4-1234,Market
4-1236,Market
4-1241,Market
4-1243,Market
4-1254,Market
4-1255,Market
4-1256,Market
4-1274,Market
4-1275,Market
4-1278,Market
4-1279,Market
4-1280,Market
4-1281,Market
4-1291,Market
5-1200,Market
5-1650,Market
5-1672,Market
5-1673,Market
5-1674,Market
5-1691,Market
5-1703,Market
5-1705,Market
5-1706-B,Market
5-1708,Market
5-1709,Market
5-1710,Market
5-1712,Market
5-1754,Market
5-1755,Market
5-1775,Market
5-1781,Market
5-1802,Market
5-1811,Market
5-1812,Market
5-1822,Market
5-1823,Market
5-1824,Turkish Meşe
5-1826,Market
5-1828,Market
5-1835,Market
5-1838,Market
5-1839,Market
5-1842,Market
5-1849,Market
5-1858,Market
5-1867,Market
5-1868,Market
5-1875,Market
5-1886,Market
5-1890,Market
5-1924,Market
5-1932,Market
5-1934,Market
5-1935,Market
5-1937,Market
5-1941,Market
5-1943,Market
5-1944,Market
5-1945,Market
5-1947,Market
5-1959,Market
5-1977,Market
5-1978,Market
5-1981,Market
5-1982,Market
5-1985,Market
5-1986,Market
5-1987,Market
5-1988,Market
5-1989,Market
5-1990,Market
5-1997,Market
5-2000,Market
5-2007,Market
5-2008,Market
5-2013,Market
5-2025,Market
5-2031,Market
5-2032,Market
5-2042,Market
5-2044,Market
5-2045,Market
5-2047,Market
5-2049,Market
5-2050,Market
5-2053,Market
5-2084,Market
7-1174,Market
7-1177-B,Market
7-1215,Market
7-1221,Market
7-1225,Market
7-1248,Market
7-1254,Market
7-1268,Market
7-1269,Market
7-1272,Market
7-1284,Market
7-1288,Market
7-1291,Market
7-1292,Market
7-1305,Market
7-1307,Market
7-1310,Market
7-1327,Market
7-1328,Market
7-1336,Market
7-1343,Market
7-1348,Market
7-1351,Market
7-1374,Market
7-1387,Market
7-1392,Market
7-1393,Market
7-1394,Market
7-1395,Market
7-1396,Market
7-1400,Market
7-1403,Market
7-1404,Market
8-0191,Market
9-0172,Market
5-1869,Market
10-1839,Turkish Imseeh
2-1441-A,Turkish
2-1441-B,Turkish
2-1442-a,Turkish
2-1442-B,Turkish
2-1442-C,Turkish
2-1442-D,Turkish
2-1443,Turkish
2-1444-A,Turkish
2-1444-B,Turkish
2-1445-A,Turkish
2-1445-B,Turkish
2-1445-C,Turkish
2-1445-D,Turkish
2-1446,Turkish
2-1447-A,Turkish
2-1447-B,Turkish
2-1447-C,Turkish
2-1448-A,Turkish
2-1448-B,Turkish
2-1449,Turkish
2-1450,Turkish
2-1451,Turkish
2-1452,Turkish
2-1453-A,Turkish
2-1453-C,Turkish
2-1454-A,Turkish
2-1454-B,Turkish
2-1455-A,Turkish
2-1455-B,Turkish
2-1455-C,Turkish
2-1455-D,Turkish
2-1455-e,Turkish
2-1456-A,Turkish
2-1456-B,Turkish
2-1456-C,Turkish
2-1457-A,Turkish
2-1457-B,Turkish
2-1457-C,Turkish
2-1458-A,Turkish
2-1458-B,Turkish
2-1458-C,Turkish
2-1458-D,Turkish
2-1458-E,Turkish
2-1458-F,Turkish
2-1459-A,Turkish
2-1459-B,Turkish
2-1459-C,Turkish
2-1460-A,Turkish
2-1460-B,Turkish
2-1460-C,Turkish
2-1461-A,Turkish
2-1461-B,Turkish
2-1461-C,Turkish
2-1461-D,Turkish
2-1462-A,Turkish
2-1462-B,Turkish
2-1462-C,Turkish
2-1463,Turkish
2-1712,TURKISH
2-1713,TURKISH
2-1714,TURKISH
2-1715,TURKISH
2-1716-A,TURKISH
2-1716-B,TURKISH
2-1717,TURKISH
2-1718,TURKISH
2-1719-A,TURKISH
2-1719-B,TURKISH
2-1720-A,TURKISH
2-1720-B,Turkish Meşe
2-1721,TURKISH
2-1722-A,Turkish
2-1722-B,Turkish Trioro
2-1723,TURKISH 
2-1724,TURKISH
2-1725,TURKISH
2-1726,TURKISH
2-1727,TURKISH
2-1728-A,TURKISH
2-1728-B,TURKISH
2-1729,TURKISH
2-1730,TURKISH
2-1731-A,TURKISH
2-1731-B,TURKISH
2-1731-C,TURKISH
2-1731-D,TURKISH
2-1732,TURKISH
2-1735,TURKISH
2-1736,Turkish Imseeh & Meşe
2-1752-B,Turkish Meşe
2-1760,TURKISH
2-1761,TURKISH
2-1823-A,Turkish Imseeh
2-1823-B,Turkish Imseeh
2-1824,Turkish Imseeh
2-1825,Turkish Imseeh
2-1826,Turkish Imseeh
2-1827,Turkish Imseeh
2-1828,Turkish Imseeh
2-1829,Turkish Meşe & Imseeh
2-1830,Turkish Imseeh
2-1831,Turkish Imseeh
2-1832-A,Turkish Imseeh
2-1832-B,Turkish Imseeh
2-1833,Turkish Imseeh
2-1834,Turkish Imseeh
2-1835,Turkish Imseeh
2-1836,Turkish Imseeh
2-1837-A,Turkish Imseeh
2-1838,Turkish Imseeh
2-1840,Turkish Imseeh
2-1841,Turkish Imseeh
2-1842,Turkish Imseeh
2-1843,Turkish Imseeh
2-1844,Turkish Imseeh
2-1845,Turkish Imseeh
2-1846-A,Turkish Imseeh
2-1846-B,Turkish Imseeh
2-1847,Turkish Imseeh
2-1848,Turkish Imseeh
2-1849,Turkish Imseeh
2-1850,Turkish Imseeh & Meşe
2-1851,Turkish Imseeh
2-1852,Turkish Imseeh
2-1853,Turkish Imseeh
2-1854,Turkish Imseeh
2-1855,Turkish Imseeh
2-1856,Turkish Imseeh
2-1857,Turkish Imseeh
2-1861,Turkish Meşe
2-1862,Turkish Meşe
2-1863,Turkish Meşe
2-1864,Turkish Meşe
2-1865,Turkish Meşe
2-1866,Turkish Meşe
2-1867,Turkish Meşe
2-1868,Turkish Meşe
2-1869,Turkish Meşe
2-1870-A,Turkish Meşe
2-1871,Turkish Meşe
2-1872-A,Turkish Meşe
2-1872-B,Turkish Meşe
2-1873-A,Turkish Meşe
2-1873-B,Turkish Meşe
2-1873-C,Turkish Meşe
2-1873-D,Turkish Meşe
2-1874,Turkish Trioro
2-1875,Turkish Trioro
2-1880-A,Turkish Meşe
2-1880-B,Turkish Meşe
2-1881,Turkish Meşe
2-1882,Turkish Meşe
2-1883,Turkish Meşe
2-1884,Turkish Meşe
2-1885,Turkish Meşe
2-1886,Turkish Meşe
2-1887,Turkish Meşe
2-1888,Turkish Meşe
2-1889,Turkish Meşe
2-1890,Turkish Meşe
2-1891,Turkish Meşe
2-1892-A,Turkish Meşe
2-1892-B,Turkish Meşe
10-1984,Turkish Imseeh
2-2018,Turkish Meşe
2-2019,Turkish Meşe
2-2020,Turkish Meşe
2-2021,Turkish Meşe
2-2022,Turkish Meşe
2-2023,Turkish Meşe
2-2024,Turkish Meşe
2-2025,Turkish Meşe
2-2026,Turkish Meşe
2-2027,Turkish Meşe
2-2028,Turkish Meşe
2-2029,Turkish Meşe
2-2030,Turkish Meşe
2-2031,Turkish Meşe
2-2032,Turkish Meşe
2-2033,Turkish Meşe
2-2034,Turkish Meşe
2-2035,Turkish Meşe
2-2036,Turkish Meşe
2-2037,Turkish Meşe
2-2038,Turkish Meşe
2-2039,Turkish Meşe
2-2040,Turkish Meşe
2-2041,Turkish Meşe
2-2042,Turkish Meşe
2-2043,Turkish Meşe
2-2044,Turkish Meşe
2-2045,Turkish Meşe
2-2046,Turkish Meşe
2-2047,Turkish Meşe
2-2048,Turkish Meşe
2-2049,Turkish Meşe
2-2050,Turkish Meşe
2-2051,Turkish Meşe
2-2052,Turkish Meşe
2-2053,Turkish Meşe
2-2054,Turkish Meşe
2-2055,Turkish Meşe
2-2056,Turkish Meşe
2-2057,Turkish Meşe
2-2058,Turkish Meşe
2-2059,Turkish Meşe
2-2060,Turkish Meşe
2-2061,Turkish Meşe
2-2062,Turkish Meşe
2-2063-a,Turkish Meşe
2-2063-b,Turkish Meşe
2-2064-a,Turkish Meşe
2-2064-b,Turkish Meşe
2-2064-c,Turkish Meşe
2-2065,Turkish Meşe
2-2066,Turkish Meşe
2-2067,Turkish Meşe
2-2068,Turkish Meşe
2-2069,Turkish Meşe
2-2070,Turkish Meşe
2-2071-a,Turkish Meşe
2-2071-b,Turkish Meşe
2-2072,Turkish Meşe
2-2073,Turkish Meşe
2-2074,Turkish Meşe
2-2075,Turkish Meşe
2-2076,Turkish Meşe
2-2077,Turkish Meşe
2-2078,Turkish Meşe
2-2079,Turkish Meşe
2-2080,Turkish Meşe
2-2081,Turkish Meşe
2-2082,Turkish Meşe
2-2083,Turkish Meşe
2-2084,Turkish Meşe
2-2085,Turkish Meşe
2-2086,Turkish Meşe
2-2087,Turkish Meşe
2-2088,Turkish Meşe
2-2089,Turkish Meşe
2-2090,Turkish Meşe
2-2091,Turkish Meşe
2-2092,Turkish Meşe
2-2093,Turkish Meşe
2-2094,Turkish Meşe
2-2095,Turkish Meşe
2-2096,Turkish Meşe
2-2097,Turkish Meşe
2-2098-a,Turkish Meşe
2-2098-b,Turkish Meşe
2-2099,Turkish Meşe
2-2100,Turkish Meşe
2-2101,Turkish Meşe
2-2102,Turkish Meşe
2-2103,Turkish Meşe
2-2104,Turkish Meşe
2-2105,Turkish Meşe
2-2106,Turkish Meşe
2-2107,Turkish Meşe
2-2108,Turkish Meşe
2-2109,Turkish Meşe
2-2110,Turkish Meşe
2-2111,Turkish Meşe
4-1135,TURKISH
4-1135-A,TURKISH
4-1135-B,TURKISH
4-1136-A,TURKISH
4-1136-B,TURKISH
4-1136-C,TURKISH
4-1137,TURKISH
4-1138,TURKISH
4-1139,TURKISH
4-1140,TURKISH
4-1141,TURKISH
4-1142,TURKISH
4-1143,TURKISH
4-1144,TURKISH
4-1145,TURKISH
4-1146-A,TURKISH
4-1146-B,TURKISH
4-1147-A,TURKISH
4-1147-B,TURKISH
4-1148-A,TURKISH
4-1148-B,TURKISH
4-1149-A,Turkish Sankari
4-1149-B,Turkish Sankari
4-1150,TURKISH
4-1151,TURKISH
4-1152,TURKISH
4-1153,TURKISH
4-1193,Turkish Imseeh
4-1194,Turkish Imseeh
4-1195,Turkish Imseeh
4-1196,Turkish Imseeh
4-1197,Turkish Imseeh
4-1198,Turkish Imseeh
4-1199,Turkish Imseeh
4-1200,Turkish Imseeh
4-1201,Turkish Imseeh
4-1202,Turkish Imseeh
4-1203,Turkish Imseeh
4-1204,Turkish Imseeh
4-1207,Turkish Sankari
4-1208,Turkish Sankari
4-1209,Turkish Sankari
4-1210,Turkish Sankari
4-1211,Turkish Sankari
4-1212-A,Turkish Sankari
4-1213-A,Turkish Sankari
4-1213-B,Turkish Sankari
4-1215,Turkish Sankari
4-1216,Turkish Sankari
4-1217,Turkish Sankari
4-1218,Turkish Sankari
4-1219,Turkish Sankari
4-1220,Turkish Imseeh
4-1263,Turkish Imseeh
4-1264,Turkish Imseeh
4-1265,Turkish Imseeh
4-1266,Turkish Imseeh
4-1267,Turkish Imseeh
4-1268,Turkish Imseeh
4-1269,Turkish Imseeh
4-1270,Turkish Imseeh
4-1271,Turkish Imseeh
4-1293,Turkish Meşe
4-1294,Turkish Meşe
4-1295-a,Turkish Meşe
4-1295-b,Turkish Meşe
4-1295-c,Turkish Meşe
4-1296-a,Turkish Meşe
4-1296-b,Turkish Meşe
4-1296-c,Turkish Meşe
4-1297-a,Turkish Meşe
4-1297-b,Turkish Meşe
4-1298,Turkish Meşe
4-1299,Turkish Meşe
4-1300,Turkish Meşe
4-1301,Turkish Meşe
4-1302,Turkish Meşe
4-1303,Turkish Meşe
4-1304,Turkish Meşe
4-1305,Turkish Meşe
4-1306-a,Turkish Meşe
4-1306-b,Turkish Meşe
4-1307,Turkish Meşe
4-1308,Turkish Meşe
4-1309,Turkish Meşe
4-1310,Turkish Meşe
4-1311,Turkish Meşe
4-1312,Turkish Meşe
4-1313,Turkish Meşe
4-1314,Turkish Meşe
4-1315,Turkish Meşe
4-1316-a,Turkish Meşe
4-1316-b,Turkish Meşe
4-1317,Turkish Meşe
4-1318-a,Turkish Meşe
4-1318-b,Turkish Meşe
4-1319-a,Turkish Meşe
4-1319-b,Turkish Meşe
4-1319-c,Turkish Meşe
4-1320-b,Turkish Meşe
4-1320-e,Turkish Meşe
4-1321,Turkish Meşe
4-1322,Turkish Meşe
5-1651-C,Turkish Trioro
5-1784,TURKISH
5-1785-A,TURKISH
5-1785-B,TURKISH
5-1786,TURKISH
5-1787-A,TURKISH
5-1787-B,TURKISH
5-1787-C,TURKISH
5-1787-D,TURKISH
5-1788,TURKISH
5-1789,TURKISH
5-1790-A,TURKISH
5-1790-B,TURKISH
5-1791,TURKISH
5-1792,TURKISH
5-1793,Turkish Imseeh & Meşe
5-1794,TURKISH
5-1795,TURKISH
5-1796,TURKISH
5-1797,TURKISH
5-1798,TURKISH
5-1799,TURKISH
5-1800,TURKISH
5-1817,TURKISH
5-1818,TURKISH
5-1825,TURKISH
5-1896-B,Turkish Meşe
5-1902,Turkish Imseeh & Meşe
5-1903,Turkish Imseeh
5-1904,Turkish Imseeh
5-1906-A,Turkish Imseeh
5-1906-B,Turkish Imseeh
5-1906-C,Turkish Imseeh
5-1907,Turkish Imseeh & Meşe
5-1908,Turkish Imseeh
5-1909-A,Turkish Meşe
5-1909-B,Turkish Meşe
5-1909-C,Turkish Imseeh
5-1910,Turkish Imseeh
5-1911,Turkish Imseeh
5-1912,Turkish Imseeh
5-1913,Turkish Imseeh
5-1914,Turkish Imseeh
5-1915,Turkish Imseeh
5-1916,Turkish Imseeh
5-1917,Turkish Imseeh
5-1918,Turkish Imseeh
5-1919,Turkish Imseeh
5-1920,Turkish Imseeh
5-1921,Turkish Imseeh
5-1925,Turkish Meşe
5-1926,Turkish Meşe
5-1927,Turkish Meşe
5-1928,Turkish Meşe
5-1929,Turkish Meşe
5-1930,Turkish Meşe
5-1931,Turkish Trioro
5-1933,Turkish Meşe
5-2018,Turkish Imseeh
5-2019-A,Turkish Imseeh
5-2020-A,Turkish Imseeh
5-2021,Turkish Imseeh
5-2022,Turkish Imseeh
5-2023-A,Turkish Imseeh
5-2024-A,Turkish Imseeh
5-2055,Turkish Meşe
5-2056,Turkish Meşe
5-2057,Turkish Meşe
5-2058,Turkish Meşe
5-2059,Turkish Meşe
5-2060,Turkish Meşe
5-2061,Turkish Meşe
5-2062,Turkish Meşe
5-2063,Turkish Meşe
5-2064,Turkish Meşe
5-2065,Turkish Meşe
5-2066,Turkish Meşe
5-2067,Turkish Meşe
5-2068,Turkish Meşe
5-2069,Turkish Meşe
5-2070,Turkish Meşe
5-2072,Turkish Meşe
5-2073,Turkish Meşe
5-2074,Turkish Meşe
5-2075,Turkish Meşe
5-2076,Turkish Meşe
5-2077,Turkish Meşe
5-2078,Turkish Meşe
5-2079,Turkish Meşe
5-2080,Turkish Meşe
5-2081,Turkish Meşe
5-2082,Turkish Meşe
5-2083,Turkish Meşe
7-1295,TURKISH
7-1296,TURKISH
7-1297,TURKISH
7-1299,TURKISH
7-1405,Turkish Meşe
7-1406,Turkish Meşe
7-1407,Turkish Meşe
7-1408,Turkish Meşe
7-1409,Turkish Meşe
7-1410-a,Turkish Meşe
7-1410-b,Turkish Meşe
7-1411,Turkish Meşe
7-1412,Turkish Meşe
7-1413,Turkish Meşe
8-0185,Turkish Imseeh
8-0186,Turkish Imseeh
8-0187,Turkish Imseeh
8-0188,Turkish Imseeh
8-0189,Turkish Imseeh
8-0190,Turkish Imseeh
5-2085,Market
5-2086,Market
2-2114,Market
7-1415,France
4-1323,Market
4-1324,Market
5-1588,Market
1-1275,Market
2-2117,Market
5-2087,Market
4-1325,Market
2-2119,Market
1-1203,Market
4-1276,Market
4-1277,Market
5-1415,Market
5-1359,Market
2-1755,Market
4-1282,Market
2-2115,Market
2-2118,Market
5-1769,Market
5-1138,Italian
5-1173,Italian
5-1204,Italian
5-1556,Italian
5-2061-B,Turkish Meşe
5-2061-A,Turkish Meşe
2-2062-B,Turkish Meşe
2-2065-A,Turkish Meşe
2-2066-B,Turkish Meşe
2-2069-B,Turkish Meşe
2-2068-A,Turkish Meşe
2-2067-B,Turkish Meşe
2-2067-A,Turkish Meşe
2-2065-B,Turkish Meşe
2-2066-A,Turkish Meşe
2-2069-A,Turkish Meşe
2-2070-A,Turkish Meşe
2-2070-B,Turkish Meşe
1-1284,Market
7-1418,Market
4-1327,Market
4-1328,Market
5-2088,Market
2-2121,Market
4-1329,Market
7-1420,France
7-1421,France
7-1422,France
7-1423,France
2-2123,France
5-2089,France
9-0206,France
7-1424,Market
2-2124,Market
1-1285,Market
2-2125,Market
